[{"firstname": "Valdemar", "lastname": "Savela", "username": "valdemar1320", "email": "valdemarsavela1320@outlook.com", "password": "pwd123!@#", "address": "Kaarrostie 30", "country": "Finland", "hourly_rate": 26, "status": "Complete", "date": "2024-08-13 10:09:24"}, {"firstname": "Nooa", "lastname": "Iivonen", "username": "nooa1321", "email": "nooaiivonen1321@outlook.com", "password": "pwd123!@#", "address": "Norra Esplanaden 59", "country": "Finland", "hourly_rate": 32, "status": "Only info", "date": "2024-08-13 10:09:24"}, {"firstname": "Raino", "lastname": "Eskola", "username": "raino1322", "email": "rainoeskola1322@outlook.com", "password": "pwd123!@#", "address": "Kuhnustantie 77", "country": "Finland", "hourly_rate": 25, "status": "Only info", "date": "2024-08-13 10:09:24"}, {"firstname": "Mauno", "lastname": "Iivonen", "username": "mauno1323", "email": "maunoiivonen1323@outlook.com", "password": "pwd123!@#", "address": "Siikasaarentie 10", "country": "Finland", "hourly_rate": 32, "status": "Only info", "date": "2024-08-13 10:09:24"}, {"firstname": "Mikko", "lastname": "Savela", "username": "mikko1324", "email": "mikkosavela1324@outlook.com", "password": "pwd123!@#", "address": "Kuivakuja 22", "country": "Finland", "hourly_rate": 28, "status": "Only info", "date": "2024-08-13 10:09:24"}]