{
  "name": [
    {
      "firstName": "Eero",
      "lastName": "Aho"
    },
    {
      "firstName": "Raino",
      "lastName": "Savela"
    },
    {
      "firstName": "Mikko",
      "lastName": "Pekkala"
    },
    {
      "firstName": "Osmo",
      "lastName": "Litmanen"
    },
    {
      "firstName": "Valdemar",
      "lastName": "Sundqvist"
    },
    {
      "firstName": "Mauno",
      "lastName": "Iivonen"
    },
    {
      "firstName": "Pyry",
      "lastName": "Eskola"
    },
    {
      "firstName": "Arvo",
      "lastName": "Liikanen"
    },
    {
      "firstName": "Nooa",
      "lastName": "Ollila"
    },
    {
      "firstName": "Atte",
      "lastName": "Koponen"
    }
  ],
  "address": [
    "Kylpylaitoksentie 9",
    "Otakaari 11",
    "Kaarrostie 30",
    "Kuhnustantie 77",
    "Norra Esplanaden 59",
    "Siikasaarentie 10",
    "Gesterbyntie 34",
    "Keskiortentie 20",
    "Ilmalankuja 46",
    "Kuivakuja 22"
  ]
}
